<?xml version="1.0" encoding="utf-8"?>
<module>
    <type>extension</type>
    <name>EEMassMap</name>
    <label>EEMassMap</label>
    <parent></parent>
    <version>2.1</version>
    <dependencies>
        <vtiger_version>6.0.0rc</vtiger_version>
        <vtiger_max_version>7.*</vtiger_max_version>
    </dependencies>
	<license>
        <inline><![CDATA[Mass Map by EntExt
 Copyright (C) 2018 EntExt Ltd
 All Rights Reserved.                                                             
 Source code may not be redistributed unless expressly permitted by EntExt Ltd.
 If you have any questions or comments, please email: support@entext.org]]>
        </inline>
    </license>
</module>
